{"_id":{"$oid":"5cb8ae89955c9b07841b62f7"},"Lesson":"Intro to Java","VideoUrl":"\u003ciframe width=\"677\" height=\"381\" src=\"https://www.youtube.com/embed/r59xYe3Vyks?list=PLS1QulWo1RIbfTjQvTdj8Y6yyq4R7g-Al\" frameborder=\"0\" allow=\"accelerometer; autoplay; encrypted-media; gyroscope; picture-in-picture\" allowfullscreen\u003e\u003c/iframe\u003e","DocumentUrl":"Java-5cb8ae89955c9b07841b62f7","button":""}
{"_id":{"$oid":"5cb8cb08955c9b07841b62f8"},"Lesson":"Installing Eclipse IDE ","VideoUrl":"\u003ciframe width=\"677\" height=\"381\" src=\"https://www.youtube.com/embed/gzlhm0jco0g\" frameborder=\"0\" allow=\"accelerometer; autoplay; encrypted-media; gyroscope; picture-in-picture\" allowfullscreen\u003e\u003c/iframe\u003e","DocumentUrl":"","button":""}
{"_id":{"$oid":"5cb9b726c473b138e469fc94"},"Lesson":"Data type","VideoUrl":"\u003ciframe width=\"677\" height=\"381\" src=\"https://www.youtube.com/embed/0MFC_Vw9NxY\" frameborder=\"0\" allow=\"accelerometer; autoplay; encrypted-media; gyroscope; picture-in-picture\" allowfullscreen\u003e\u003c/iframe\u003e","DocumentUrl":"","button":""}
{"_id":{"$oid":"5cba4a1bab40da1718a538aa"},"Lesson":"METHODS and FUNCTIONS-1","VideoUrl":"\u003ciframe width=\"677\" height=\"381\" src=\"https://www.youtube.com/embed/0kDMKHAZdQk\" frameborder=\"0\" allow=\"accelerometer; autoplay; encrypted-media; gyroscope; picture-in-picture\" allowfullscreen\u003e\u003c/iframe\u003e","DocumentUrl":"","button":""}
